@iot.id,description,Datastreams
USGS-11172945,Stream,"[{'@iot.id': '08729e422b8540a395226f0c8f984fca', 'description': 'Gage height / USGS-11172945-08729e422b8540a395226f0c8f984fca', 'unitOfMeasurement': {'name': 'Feet', 'symbol': 'ft', 'definition': ''}, 'Observations': [{'result': '6.30', 'phenomenonTime': '2025-02-14T15:30:00Z'}], 'Observations@iot.nextLink': ""https://labs.waterdata.usgs.gov/sta/v1.1/Datastreams('08729e422b8540a395226f0c8f984fca')/Observations?$top=1&$skip=1&$select=result,phenomenonTime&$orderby=phenomenonTime+desc,%40iot.id+asc&$skipFilter=%28phenomenonTime+lt+2025-02-14T15%3A30%3A00Z%29""}, {'@iot.id': '29d8416e38244cf79b4662cf646966c6', 'description': 'Temperature, water / USGS-11172945-29d8416e38244cf79b4662cf646966c6', 'unitOfMeasurement': {'name': 'Degrees Centigrade', 'symbol': 'degC', 'definition': ''}, 'Observations': [{'result': '9.5', 'phenomenonTime': '2025-02-14T15:45:00Z'}], 'Observations@iot.nextLink': ""https://labs.waterdata.usgs.gov/sta/v1.1/Datastreams('29d8416e38244cf79b4662cf646966c6')/Observations?$top=1&$skip=1&$select=result,phenomenonTime&$orderby=phenomenonTime+desc,%40iot.id+asc&$skipFilter=%28phenomenonTime+lt+2025-02-14T15%3A45%3A00Z%29""}, {'@iot.id': '760622619c8b435f8fc78e2b4b382221', 'description': 'Stream water level elevation above NAVD 1988, in feet / USGS-11172945-760622619c8b435f8fc78e2b4b382221', 'unitOfMeasurement': {'name': 'Feet', 'symbol': 'ft', 'definition': ''}, 'Observations': [{'result': '915.46', 'phenomenonTime': '2025-02-14T15:45:00Z'}], 'Observations@iot.nextLink': ""https://labs.waterdata.usgs.gov/sta/v1.1/Datastreams('760622619c8b435f8fc78e2b4b382221')/Observations?$top=1&$skip=1&$select=result,phenomenonTime&$orderby=phenomenonTime+desc,%40iot.id+asc&$skipFilter=%28phenomenonTime+lt+2025-02-14T15%3A45%3A00Z%29""}, {'@iot.id': '9b78de18766c4fc584e86aed02c47bd0', 'description': 'Discharge / USGS-11172945-9b78de18766c4fc584e86aed02c47bd0', 'unitOfMeasurement': {'name': 'Cubic Feet per Second', 'symbol': 'ft^3/s', 'definition': ''}, 'Observations': [{'result': '891', 'phenomenonTime': '2025-02-14T15:45:00Z'}], 'Observations@iot.nextLink': ""https://labs.waterdata.usgs.gov/sta/v1.1/Datastreams('9b78de18766c4fc584e86aed02c47bd0')/Observations?$top=1&$skip=1&$select=result,phenomenonTime&$orderby=phenomenonTime+desc,%40iot.id+asc&$skipFilter=%28phenomenonTime+lt+2025-02-14T15%3A45%3A00Z%29""}]"
USGS-11172955,Stream,"[{'@iot.id': '6538069aceaa48139facbdad77998b71', 'description': 'Gage height, feet / USGS-11172955-6538069aceaa48139facbdad77998b71', 'unitOfMeasurement': {'name': 'Feet', 'symbol': 'ft', 'definition': ''}, 'Observations': [{'result': '8.83', 'phenomenonTime': '2025-02-14T15:30:00Z'}], 'Observations@iot.nextLink': ""https://labs.waterdata.usgs.gov/sta/v1.1/Datastreams('6538069aceaa48139facbdad77998b71')/Observations?$top=1&$skip=1&$select=result,phenomenonTime&$orderby=phenomenonTime+desc,%40iot.id+asc&$skipFilter=%28phenomenonTime+lt+2025-02-14T15%3A30%3A00Z%29""}, {'@iot.id': 'c1d9a963db7b4bc1b4668edf26b72f7b', 'description': 'Temperature, water / USGS-11172955-c1d9a963db7b4bc1b4668edf26b72f7b', 'unitOfMeasurement': {'name': 'Degrees Centigrade', 'symbol': 'degC', 'definition': ''}, 'Observations': [{'result': '11.0', 'phenomenonTime': '2025-02-14T05:00:00Z'}], 'Observations@iot.nextLink': ""https://labs.waterdata.usgs.gov/sta/v1.1/Datastreams('c1d9a963db7b4bc1b4668edf26b72f7b')/Observations?$top=1&$skip=1&$select=result,phenomenonTime&$orderby=phenomenonTime+desc,%40iot.id+asc&$skipFilter=%28phenomenonTime+lt+2025-02-14T05%3A00%3A00Z%29""}, {'@iot.id': 'c59330100f9e4c5794be4b5c9438b385', 'description': 'Discharge, cubic feet per second / USGS-11172955-c59330100f9e4c5794be4b5c9438b385', 'unitOfMeasurement': {'name': 'Cubic Feet per Second', 'symbol': 'ft^3/s', 'definition': ''}, 'Observations': [{'result': '505', 'phenomenonTime': '2025-02-14T15:30:00Z'}], 'Observations@iot.nextLink': ""https://labs.waterdata.usgs.gov/sta/v1.1/Datastreams('c59330100f9e4c5794be4b5c9438b385')/Observations?$top=1&$skip=1&$select=result,phenomenonTime&$orderby=phenomenonTime+desc,%40iot.id+asc&$skipFilter=%28phenomenonTime+lt+2025-02-14T15%3A30%3A00Z%29""}, {'@iot.id': 'cf0a7ddd62d640218e6f0b95cc22e4be', 'description': 'Stream water level elevation above NAVD 1988, in feet / USGS-11172955-cf0a7ddd62d640218e6f0b95cc22e4be', 'unitOfMeasurement': {'name': 'Feet', 'symbol': 'ft', 'definition': ''}, 'Observations': [{'result': '844.38', 'phenomenonTime': '2025-02-14T15:30:00Z'}], 'Observations@iot.nextLink': ""https://labs.waterdata.usgs.gov/sta/v1.1/Datastreams('cf0a7ddd62d640218e6f0b95cc22e4be')/Observations?$top=1&$skip=1&$select=result,phenomenonTime&$orderby=phenomenonTime+desc,%40iot.id+asc&$skipFilter=%28phenomenonTime+lt+2025-02-14T15%3A30%3A00Z%29""}]"
USGS-11173490,"Lake, Reservoir, Impoundment","[{'@iot.id': '3679c061d07c4676994736c49481ee7e', 'description': 'Elevation, lake/res, NGVD29 / USGS-11173490-3679c061d07c4676994736c49481ee7e', 'unitOfMeasurement': {'name': 'Feet', 'symbol': 'ft', 'definition': ''}, 'Observations': [{'result': '741.38', 'phenomenonTime': '2025-02-14T14:45:00Z'}], 'Observations@iot.nextLink': ""https://labs.waterdata.usgs.gov/sta/v1.1/Datastreams('3679c061d07c4676994736c49481ee7e')/Observations?$top=1&$skip=1&$select=result,phenomenonTime&$orderby=phenomenonTime+desc,%40iot.id+asc&$skipFilter=%28phenomenonTime+lt+2025-02-14T14%3A45%3A00Z%29""}, {'@iot.id': '7f722eac3bf249a3869f07e56c9c0e62', 'description': 'Lake or reservoir water surface elevation above NAVD 1988, feet / USGS-11173490-7f722eac3bf249a3869f07e56c9c0e62', 'unitOfMeasurement': {'name': 'Feet', 'symbol': 'ft', 'definition': ''}, 'Observations': [{'result': '744.19', 'phenomenonTime': '2025-02-14T14:45:00Z'}], 'Observations@iot.nextLink': ""https://labs.waterdata.usgs.gov/sta/v1.1/Datastreams('7f722eac3bf249a3869f07e56c9c0e62')/Observations?$top=1&$skip=1&$select=result,phenomenonTime&$orderby=phenomenonTime+desc,%40iot.id+asc&$skipFilter=%28phenomenonTime+lt+2025-02-14T14%3A45%3A00Z%29""}]"
USGS-11173500,Stream,"[{'@iot.id': 'a73e03a37f994a708b9ee4db609fd3c7', 'description': 'Discharge / USGS-11173500-a73e03a37f994a708b9ee4db609fd3c7', 'unitOfMeasurement': {'name': 'Cubic Feet per Second', 'symbol': 'ft^3/s', 'definition': ''}, 'Observations': [{'result': '14.4', 'phenomenonTime': '2025-02-14T15:45:00Z'}], 'Observations@iot.nextLink': ""https://labs.waterdata.usgs.gov/sta/v1.1/Datastreams('a73e03a37f994a708b9ee4db609fd3c7')/Observations?$top=1&$skip=1&$select=result,phenomenonTime&$orderby=phenomenonTime+desc,%40iot.id+asc&$skipFilter=%28phenomenonTime+lt+2025-02-14T15%3A45%3A00Z%29""}, {'@iot.id': 'b29b9a5f8c344cefaf393432f948b35b', 'description': 'Temperature, water / USGS-11173500-b29b9a5f8c344cefaf393432f948b35b', 'unitOfMeasurement': {'name': 'Degrees Centigrade', 'symbol': 'degC', 'definition': ''}, 'Observations': [{'result': '10.7', 'phenomenonTime': '2025-02-14T15:45:00Z'}], 'Observations@iot.nextLink': ""https://labs.waterdata.usgs.gov/sta/v1.1/Datastreams('b29b9a5f8c344cefaf393432f948b35b')/Observations?$top=1&$skip=1&$select=result,phenomenonTime&$orderby=phenomenonTime+desc,%40iot.id+asc&$skipFilter=%28phenomenonTime+lt+2025-02-14T15%3A45%3A00Z%29""}, {'@iot.id': 'eaa6d5b06aa64df7b4b800c64293c0a8', 'description': 'Gage height, feet / USGS-11173500-eaa6d5b06aa64df7b4b800c64293c0a8', 'unitOfMeasurement': {'name': 'Feet', 'symbol': 'ft', 'definition': ''}, 'Observations': [{'result': '4.63', 'phenomenonTime': '2025-02-14T15:45:00Z'}], 'Observations@iot.nextLink': ""https://labs.waterdata.usgs.gov/sta/v1.1/Datastreams('eaa6d5b06aa64df7b4b800c64293c0a8')/Observations?$top=1&$skip=1&$select=result,phenomenonTime&$orderby=phenomenonTime+desc,%40iot.id+asc&$skipFilter=%28phenomenonTime+lt+2025-02-14T15%3A45%3A00Z%29""}, {'@iot.id': 'fa7e23c9320940b5829bc78f73a72880', 'description': 'Stream water level elevation above NAVD 1988, in feet / USGS-11173500-fa7e23c9320940b5829bc78f73a72880', 'unitOfMeasurement': {'name': 'Feet', 'symbol': 'ft', 'definition': ''}, 'Observations': [{'result': '463.24', 'phenomenonTime': '2025-02-14T15:45:00Z'}], 'Observations@iot.nextLink': ""https://labs.waterdata.usgs.gov/sta/v1.1/Datastreams('fa7e23c9320940b5829bc78f73a72880')/Observations?$top=1&$skip=1&$select=result,phenomenonTime&$orderby=phenomenonTime+desc,%40iot.id+asc&$skipFilter=%28phenomenonTime+lt+2025-02-14T15%3A45%3A00Z%29""}]"
USGS-11173510,Stream,"[{'@iot.id': '519a5a49812442f48f155c663ce8a9d1', 'description': 'Temperature, water, degrees Celsius / USGS-11173510-519a5a49812442f48f155c663ce8a9d1', 'unitOfMeasurement': {'name': 'Degrees Centigrade', 'symbol': 'degC', 'definition': ''}, 'Observations': [{'result': '9.9', 'phenomenonTime': '2025-02-14T15:00:00Z'}], 'Observations@iot.nextLink': ""https://labs.waterdata.usgs.gov/sta/v1.1/Datastreams('519a5a49812442f48f155c663ce8a9d1')/Observations?$top=1&$skip=1&$select=result,phenomenonTime&$orderby=phenomenonTime+desc,%40iot.id+asc&$skipFilter=%28phenomenonTime+lt+2025-02-14T15%3A00%3A00Z%29""}, {'@iot.id': '64f4d5da1914432c86e9a13c3b5d5a94', 'description': 'Stream water level elevation above NAVD 1988, in feet / USGS-11173510-64f4d5da1914432c86e9a13c3b5d5a94', 'unitOfMeasurement': {'name': 'Feet', 'symbol': 'ft', 'definition': ''}, 'Observations': [{'result': '437.15', 'phenomenonTime': '2025-02-14T15:00:00Z'}], 'Observations@iot.nextLink': ""https://labs.waterdata.usgs.gov/sta/v1.1/Datastreams('64f4d5da1914432c86e9a13c3b5d5a94')/Observations?$top=1&$skip=1&$select=result,phenomenonTime&$orderby=phenomenonTime+desc,%40iot.id+asc&$skipFilter=%28phenomenonTime+lt+2025-02-14T15%3A00%3A00Z%29""}, {'@iot.id': 'ac990253fd604b758de21df3a31e43f6', 'description': 'Gage height, feet / USGS-11173510-ac990253fd604b758de21df3a31e43f6', 'unitOfMeasurement': {'name': 'Feet', 'symbol': 'ft', 'definition': ''}, 'Observations': [{'result': '7.32', 'phenomenonTime': '2025-02-14T15:00:00Z'}], 'Observations@iot.nextLink': ""https://labs.waterdata.usgs.gov/sta/v1.1/Datastreams('ac990253fd604b758de21df3a31e43f6')/Observations?$top=1&$skip=1&$select=result,phenomenonTime&$orderby=phenomenonTime+desc,%40iot.id+asc&$skipFilter=%28phenomenonTime+lt+2025-02-14T15%3A00%3A00Z%29""}, {'@iot.id': 'c178a5659d8a4cc6815097bca6418604', 'description': 'Discharge / USGS-11173510-c178a5659d8a4cc6815097bca6418604', 'unitOfMeasurement': {'name': 'Cubic Feet per Second', 'symbol': 'ft^3/s', 'definition': ''}, 'Observations': [{'result': '1140', 'phenomenonTime': '2025-02-14T15:00:00Z'}], 'Observations@iot.nextLink': ""https://labs.waterdata.usgs.gov/sta/v1.1/Datastreams('c178a5659d8a4cc6815097bca6418604')/Observations?$top=1&$skip=1&$select=result,phenomenonTime&$orderby=phenomenonTime+desc,%40iot.id+asc&$skipFilter=%28phenomenonTime+lt+2025-02-14T15%3A00%3A00Z%29""}]"
USGS-11173575,Stream,"[{'@iot.id': '3893cddccf814719b42c366f9102bef7', 'description': 'Gage height / USGS-11173575-3893cddccf814719b42c366f9102bef7', 'unitOfMeasurement': {'name': 'Feet', 'symbol': 'ft', 'definition': ''}, 'Observations': [{'result': '15.69', 'phenomenonTime': '2025-02-14T15:30:00Z'}], 'Observations@iot.nextLink': ""https://labs.waterdata.usgs.gov/sta/v1.1/Datastreams('3893cddccf814719b42c366f9102bef7')/Observations?$top=1&$skip=1&$select=result,phenomenonTime&$orderby=phenomenonTime+desc,%40iot.id+asc&$skipFilter=%28phenomenonTime+lt+2025-02-14T15%3A30%3A00Z%29""}, {'@iot.id': '8357b6a77c174572a09c4cd8c91e3718', 'description': 'Stream water level elevation above NAVD 1988, in feet / USGS-11173575-8357b6a77c174572a09c4cd8c91e3718', 'unitOfMeasurement': {'name': 'Feet', 'symbol': 'ft', 'definition': ''}, 'Observations': [{'result': '318.42', 'phenomenonTime': '2025-02-14T15:30:00Z'}], 'Observations@iot.nextLink': ""https://labs.waterdata.usgs.gov/sta/v1.1/Datastreams('8357b6a77c174572a09c4cd8c91e3718')/Observations?$top=1&$skip=1&$select=result,phenomenonTime&$orderby=phenomenonTime+desc,%40iot.id+asc&$skipFilter=%28phenomenonTime+lt+2025-02-14T15%3A30%3A00Z%29""}, {'@iot.id': '99ad0e0d94ec43f29686e0ff51b5106a', 'description': 'Temperature, water / USGS-11173575-99ad0e0d94ec43f29686e0ff51b5106a', 'unitOfMeasurement': {'name': 'Degrees Centigrade', 'symbol': 'degC', 'definition': ''}, 'Observations': [{'result': '10.9', 'phenomenonTime': '2025-02-14T15:30:00Z'}], 'Observations@iot.nextLink': ""https://labs.waterdata.usgs.gov/sta/v1.1/Datastreams('99ad0e0d94ec43f29686e0ff51b5106a')/Observations?$top=1&$skip=1&$select=result,phenomenonTime&$orderby=phenomenonTime+desc,%40iot.id+asc&$skipFilter=%28phenomenonTime+lt+2025-02-14T15%3A30%3A00Z%29""}, {'@iot.id': 'ae1044cb96704667b0c3d3b840e33021', 'description': 'Discharge, cubic feet per second / USGS-11173575-ae1044cb96704667b0c3d3b840e33021', 'unitOfMeasurement': {'name': 'Cubic Feet per Second', 'symbol': 'ft^3/s', 'definition': ''}, 'Observations': [{'result': '1200', 'phenomenonTime': '2025-02-14T15:30:00Z'}], 'Observations@iot.nextLink': ""https://labs.waterdata.usgs.gov/sta/v1.1/Datastreams('ae1044cb96704667b0c3d3b840e33021')/Observations?$top=1&$skip=1&$select=result,phenomenonTime&$orderby=phenomenonTime+desc,%40iot.id+asc&$skipFilter=%28phenomenonTime+lt+2025-02-14T15%3A30%3A00Z%29""}]"
USGS-11173800,Stream,"[{'@iot.id': '0c45b5a4ae644367b20bf0e193aca99b', 'description': 'Gage height / USGS-11173800-0c45b5a4ae644367b20bf0e193aca99b', 'unitOfMeasurement': {'name': 'Feet', 'symbol': 'ft', 'definition': ''}, 'Observations': [{'result': '12.05', 'phenomenonTime': '2025-02-14T15:15:00Z'}], 'Observations@iot.nextLink': ""https://labs.waterdata.usgs.gov/sta/v1.1/Datastreams('0c45b5a4ae644367b20bf0e193aca99b')/Observations?$top=1&$skip=1&$select=result,phenomenonTime&$orderby=phenomenonTime+desc,%40iot.id+asc&$skipFilter=%28phenomenonTime+lt+2025-02-14T15%3A15%3A00Z%29""}, {'@iot.id': '1c129bc6ad8e474bbe67fea848ab341b', 'description': 'Discharge / USGS-11173800-1c129bc6ad8e474bbe67fea848ab341b', 'unitOfMeasurement': {'name': 'Cubic Feet per Second', 'symbol': 'ft^3/s', 'definition': ''}, 'Observations': [{'result': '133', 'phenomenonTime': '2025-02-14T15:15:00Z'}], 'Observations@iot.nextLink': ""https://labs.waterdata.usgs.gov/sta/v1.1/Datastreams('1c129bc6ad8e474bbe67fea848ab341b')/Observations?$top=1&$skip=1&$select=result,phenomenonTime&$orderby=phenomenonTime+desc,%40iot.id+asc&$skipFilter=%28phenomenonTime+lt+2025-02-14T15%3A15%3A00Z%29""}, {'@iot.id': 'aaf7219707024b6e90b360a282c8b4de', 'description': 'Stream water level elevation above NAVD 1988, in feet / USGS-11173800-aaf7219707024b6e90b360a282c8b4de', 'unitOfMeasurement': {'name': 'Feet', 'symbol': 'ft', 'definition': ''}, 'Observations': [{'result': '614.05', 'phenomenonTime': '2025-02-14T15:15:00Z'}], 'Observations@iot.nextLink': ""https://labs.waterdata.usgs.gov/sta/v1.1/Datastreams('aaf7219707024b6e90b360a282c8b4de')/Observations?$top=1&$skip=1&$select=result,phenomenonTime&$orderby=phenomenonTime+desc,%40iot.id+asc&$skipFilter=%28phenomenonTime+lt+2025-02-14T15%3A15%3A00Z%29""}]"
USGS-11173990,"Lake, Reservoir, Impoundment","[{'@iot.id': '516efeb29bc04291b9470aecee66a528', 'description': 'Lake or reservoir water surface elevation above NGVD 1929, feet / USGS-11173990-516efeb29bc04291b9470aecee66a528', 'unitOfMeasurement': {'name': 'Feet', 'symbol': 'ft', 'definition': ''}, 'Observations': [{'result': '459.73', 'phenomenonTime': '2025-02-14T15:30:00Z'}], 'Observations@iot.nextLink': ""https://labs.waterdata.usgs.gov/sta/v1.1/Datastreams('516efeb29bc04291b9470aecee66a528')/Observations?$top=1&$skip=1&$select=result,phenomenonTime&$orderby=phenomenonTime+desc,%40iot.id+asc&$skipFilter=%28phenomenonTime+lt+2025-02-14T15%3A30%3A00Z%29""}, {'@iot.id': '6c9190f05c38453a98c8418515b41e7a', 'description': 'Lake or reservoir water surface elevation above NAVD 1988, feet / USGS-11173990-6c9190f05c38453a98c8418515b41e7a', 'unitOfMeasurement': {'name': 'Feet', 'symbol': 'ft', 'definition': ''}, 'Observations': [{'result': '462.35', 'phenomenonTime': '2025-02-14T14:30:00Z'}], 'Observations@iot.nextLink': ""https://labs.waterdata.usgs.gov/sta/v1.1/Datastreams('6c9190f05c38453a98c8418515b41e7a')/Observations?$top=1&$skip=1&$select=result,phenomenonTime&$orderby=phenomenonTime+desc,%40iot.id+asc&$skipFilter=%28phenomenonTime+lt+2025-02-14T14%3A30%3A00Z%29""}]"
USGS-11174000,Stream,"[{'@iot.id': '3e6791975b3d41858632f56383a938d3', 'description': 'Discharge / USGS-11174000-3e6791975b3d41858632f56383a938d3', 'unitOfMeasurement': {'name': 'Cubic Feet per Second', 'symbol': 'ft^3/s', 'definition': ''}, 'Observations': [{'result': '6.49', 'phenomenonTime': '2025-02-14T15:00:00Z'}], 'Observations@iot.nextLink': ""https://labs.waterdata.usgs.gov/sta/v1.1/Datastreams('3e6791975b3d41858632f56383a938d3')/Observations?$top=1&$skip=1&$select=result,phenomenonTime&$orderby=phenomenonTime+desc,%40iot.id+asc&$skipFilter=%28phenomenonTime+lt+2025-02-14T15%3A00%3A00Z%29""}, {'@iot.id': '9129def5fc104a72ac322f018eba4ec4', 'description': 'Temperature, water, degrees Celsius / USGS-11174000-9129def5fc104a72ac322f018eba4ec4', 'unitOfMeasurement': {'name': 'Degrees Centigrade', 'symbol': 'degC', 'definition': ''}, 'Observations': [{'result': '10.8', 'phenomenonTime': '2025-02-14T15:00:00Z'}], 'Observations@iot.nextLink': ""https://labs.waterdata.usgs.gov/sta/v1.1/Datastreams('9129def5fc104a72ac322f018eba4ec4')/Observations?$top=1&$skip=1&$select=result,phenomenonTime&$orderby=phenomenonTime+desc,%40iot.id+asc&$skipFilter=%28phenomenonTime+lt+2025-02-14T15%3A00%3A00Z%29""}, {'@iot.id': 'b9d70b47c2864630b0c15a60dc380581', 'description': 'Stream water level elevation above NAVD 1988, in feet / USGS-11174000-b9d70b47c2864630b0c15a60dc380581', 'unitOfMeasurement': {'name': 'Feet', 'symbol': 'ft', 'definition': ''}, 'Observations': [{'result': '277.54', 'phenomenonTime': '2025-02-14T15:00:00Z'}], 'Observations@iot.nextLink': ""https://labs.waterdata.usgs.gov/sta/v1.1/Datastreams('b9d70b47c2864630b0c15a60dc380581')/Observations?$top=1&$skip=1&$select=result,phenomenonTime&$orderby=phenomenonTime+desc,%40iot.id+asc&$skipFilter=%28phenomenonTime+lt+2025-02-14T15%3A00%3A00Z%29""}, {'@iot.id': 'c932fbe4664d43ec8112210a869ede24', 'description': 'Gage height / USGS-11174000-c932fbe4664d43ec8112210a869ede24', 'unitOfMeasurement': {'name': 'Feet', 'symbol': 'ft', 'definition': ''}, 'Observations': [{'result': '3.31', 'phenomenonTime': '2025-02-14T15:00:00Z'}], 'Observations@iot.nextLink': ""https://labs.waterdata.usgs.gov/sta/v1.1/Datastreams('c932fbe4664d43ec8112210a869ede24')/Observations?$top=1&$skip=1&$select=result,phenomenonTime&$orderby=phenomenonTime+desc,%40iot.id+asc&$skipFilter=%28phenomenonTime+lt+2025-02-14T15%3A00%3A00Z%29""}]"
USGS-11174160,Stream,"[{'@iot.id': '25e3b7a61d1a4b2380d970085b617660', 'description': 'Discharge, cubic feet per second / USGS-11174160-25e3b7a61d1a4b2380d970085b617660', 'unitOfMeasurement': {'name': 'Cubic Feet per Second', 'symbol': 'ft^3/s', 'definition': ''}, 'Observations': [{'result': '292', 'phenomenonTime': '2025-02-13T16:15:00Z'}], 'Observations@iot.nextLink': ""https://labs.waterdata.usgs.gov/sta/v1.1/Datastreams('25e3b7a61d1a4b2380d970085b617660')/Observations?$top=1&$skip=1&$select=result,phenomenonTime&$orderby=phenomenonTime+desc,%40iot.id+asc&$skipFilter=%28phenomenonTime+lt+2025-02-13T16%3A15%3A00Z%29""}, {'@iot.id': '554a7e4d63e8453db400ea95fe4cb483', 'description': 'Gage height, feet / USGS-11174160-554a7e4d63e8453db400ea95fe4cb483', 'unitOfMeasurement': {'name': 'Feet', 'symbol': 'ft', 'definition': ''}, 'Observations': [{'result': '8.61', 'phenomenonTime': '2025-02-14T15:45:00Z'}], 'Observations@iot.nextLink': ""https://labs.waterdata.usgs.gov/sta/v1.1/Datastreams('554a7e4d63e8453db400ea95fe4cb483')/Observations?$top=1&$skip=1&$select=result,phenomenonTime&$orderby=phenomenonTime+desc,%40iot.id+asc&$skipFilter=%28phenomenonTime+lt+2025-02-14T15%3A45%3A00Z%29""}, {'@iot.id': '99f771dc6b7d4b83a5e4d731ece04884', 'description': 'Stream water level elevation above NAVD 1988, in feet / USGS-11174160-99f771dc6b7d4b83a5e4d731ece04884', 'unitOfMeasurement': {'name': 'Feet', 'symbol': 'ft', 'definition': ''}, 'Observations': [{'result': '231.19', 'phenomenonTime': '2025-02-14T15:45:00Z'}], 'Observations@iot.nextLink': ""https://labs.waterdata.usgs.gov/sta/v1.1/Datastreams('99f771dc6b7d4b83a5e4d731ece04884')/Observations?$top=1&$skip=1&$select=result,phenomenonTime&$orderby=phenomenonTime+desc,%40iot.id+asc&$skipFilter=%28phenomenonTime+lt+2025-02-14T15%3A45%3A00Z%29""}, {'@iot.id': 'c382ab704dfb483498de6b1ca58b0ed5', 'description': 'Temperature, water, degrees Celsius / USGS-11174160-c382ab704dfb483498de6b1ca58b0ed5', 'unitOfMeasurement': {'name': 'Degrees Centigrade', 'symbol': 'degC', 'definition': ''}, 'Observations': [{'result': '10.2', 'phenomenonTime': '2025-02-14T15:45:00Z'}], 'Observations@iot.nextLink': ""https://labs.waterdata.usgs.gov/sta/v1.1/Datastreams('c382ab704dfb483498de6b1ca58b0ed5')/Observations?$top=1&$skip=1&$select=result,phenomenonTime&$orderby=phenomenonTime+desc,%40iot.id+asc&$skipFilter=%28phenomenonTime+lt+2025-02-14T15%3A45%3A00Z%29""}]"
USGS-11174600,Canal,"[{'@iot.id': '092c05632207488f993220cadd277721', 'description': 'Stream water level elevation above NAVD 1988, in feet / USGS-11174600-092c05632207488f993220cadd277721', 'unitOfMeasurement': {'name': 'Feet', 'symbol': 'ft', 'definition': ''}, 'Observations': [{'result': '311.44', 'phenomenonTime': '2025-02-14T14:45:00Z'}], 'Observations@iot.nextLink': ""https://labs.waterdata.usgs.gov/sta/v1.1/Datastreams('092c05632207488f993220cadd277721')/Observations?$top=1&$skip=1&$select=result,phenomenonTime&$orderby=phenomenonTime+desc,%40iot.id+asc&$skipFilter=%28phenomenonTime+lt+2025-02-14T14%3A45%3A00Z%29""}, {'@iot.id': '8891a65b3207451696a4d3da91711852', 'description': 'Discharge, cubic feet per second / USGS-11174600-8891a65b3207451696a4d3da91711852', 'unitOfMeasurement': {'name': 'Cubic Feet per Second', 'symbol': 'ft^3/s', 'definition': ''}, 'Observations': [{'result': '195', 'phenomenonTime': '2025-02-14T14:45:00Z'}], 'Observations@iot.nextLink': ""https://labs.waterdata.usgs.gov/sta/v1.1/Datastreams('8891a65b3207451696a4d3da91711852')/Observations?$top=1&$skip=1&$select=result,phenomenonTime&$orderby=phenomenonTime+desc,%40iot.id+asc&$skipFilter=%28phenomenonTime+lt+2025-02-14T14%3A45%3A00Z%29""}, {'@iot.id': 'c03f04b5cf184f679cd793d5040c85ba', 'description': 'Gage height / USGS-11174600-c03f04b5cf184f679cd793d5040c85ba', 'unitOfMeasurement': {'name': 'Feet', 'symbol': 'ft', 'definition': ''}, 'Observations': [{'result': '4.83', 'phenomenonTime': '2025-02-14T14:45:00Z'}], 'Observations@iot.nextLink': ""https://labs.waterdata.usgs.gov/sta/v1.1/Datastreams('c03f04b5cf184f679cd793d5040c85ba')/Observations?$top=1&$skip=1&$select=result,phenomenonTime&$orderby=phenomenonTime+desc,%40iot.id+asc&$skipFilter=%28phenomenonTime+lt+2025-02-14T14%3A45%3A00Z%29""}]"
USGS-11176340,Stream,"[{'@iot.id': '0c9d529317e64bff92a770fe0d1dda72', 'description': 'Gage height, feet / USGS-11176340-0c9d529317e64bff92a770fe0d1dda72', 'unitOfMeasurement': {'name': 'Feet', 'symbol': 'ft', 'definition': ''}, 'Observations': [{'result': '9.53', 'phenomenonTime': '2025-02-14T15:00:00Z'}], 'Observations@iot.nextLink': ""https://labs.waterdata.usgs.gov/sta/v1.1/Datastreams('0c9d529317e64bff92a770fe0d1dda72')/Observations?$top=1&$skip=1&$select=result,phenomenonTime&$orderby=phenomenonTime+desc,%40iot.id+asc&$skipFilter=%28phenomenonTime+lt+2025-02-14T15%3A00%3A00Z%29""}, {'@iot.id': '51971abf2e4f4c3189a48a5cb91004fe', 'description': 'Discharge, cubic feet per second / USGS-11176340-51971abf2e4f4c3189a48a5cb91004fe', 'unitOfMeasurement': {'name': 'Cubic Feet per Second', 'symbol': 'ft^3/s', 'definition': ''}, 'Observations': [{'result': '580', 'phenomenonTime': '2025-02-14T15:00:00Z'}], 'Observations@iot.nextLink': ""https://labs.waterdata.usgs.gov/sta/v1.1/Datastreams('51971abf2e4f4c3189a48a5cb91004fe')/Observations?$top=1&$skip=1&$select=result,phenomenonTime&$orderby=phenomenonTime+desc,%40iot.id+asc&$skipFilter=%28phenomenonTime+lt+2025-02-14T15%3A00%3A00Z%29""}]"
USGS-11176400,Stream,"[{'@iot.id': '07a0fd1cd6d745588726442645970244', 'description': 'Gage height, feet / USGS-11176400-07a0fd1cd6d745588726442645970244', 'unitOfMeasurement': {'name': 'Feet', 'symbol': 'ft', 'definition': ''}, 'Observations': [{'result': '2.76', 'phenomenonTime': '2025-02-14T14:45:00Z'}], 'Observations@iot.nextLink': ""https://labs.waterdata.usgs.gov/sta/v1.1/Datastreams('07a0fd1cd6d745588726442645970244')/Observations?$top=1&$skip=1&$select=result,phenomenonTime&$orderby=phenomenonTime+desc,%40iot.id+asc&$skipFilter=%28phenomenonTime+lt+2025-02-14T14%3A45%3A00Z%29""}, {'@iot.id': '34deab69dbd2488790a7aa535a5c51d0', 'description': 'Stream water level elevation above NAVD 1988, in feet / USGS-11176400-34deab69dbd2488790a7aa535a5c51d0', 'unitOfMeasurement': {'name': 'Feet', 'symbol': 'ft', 'definition': ''}, 'Observations': [{'result': '751.85', 'phenomenonTime': '2025-02-14T14:45:00Z'}], 'Observations@iot.nextLink': ""https://labs.waterdata.usgs.gov/sta/v1.1/Datastreams('34deab69dbd2488790a7aa535a5c51d0')/Observations?$top=1&$skip=1&$select=result,phenomenonTime&$orderby=phenomenonTime+desc,%40iot.id+asc&$skipFilter=%28phenomenonTime+lt+2025-02-14T14%3A45%3A00Z%29""}, {'@iot.id': '5ab5fea74fe947e3b05ad1c35083ae20', 'description': 'Discharge / USGS-11176400-5ab5fea74fe947e3b05ad1c35083ae20', 'unitOfMeasurement': {'name': 'Cubic Feet per Second', 'symbol': 'ft^3/s', 'definition': ''}, 'Observations': [{'result': '941', 'phenomenonTime': '2025-02-14T14:45:00Z'}], 'Observations@iot.nextLink': ""https://labs.waterdata.usgs.gov/sta/v1.1/Datastreams('5ab5fea74fe947e3b05ad1c35083ae20')/Observations?$top=1&$skip=1&$select=result,phenomenonTime&$orderby=phenomenonTime+desc,%40iot.id+asc&$skipFilter=%28phenomenonTime+lt+2025-02-14T14%3A45%3A00Z%29""}]"
USGS-11176500,Stream,"[{'@iot.id': '316a29e235fe4b1280bda646a25cceeb', 'description': 'Gage height / USGS-11176500-316a29e235fe4b1280bda646a25cceeb', 'unitOfMeasurement': {'name': 'Feet', 'symbol': 'ft', 'definition': ''}, 'Observations': [{'result': '2.75', 'phenomenonTime': '2025-02-14T14:45:00Z'}], 'Observations@iot.nextLink': ""https://labs.waterdata.usgs.gov/sta/v1.1/Datastreams('316a29e235fe4b1280bda646a25cceeb')/Observations?$top=1&$skip=1&$select=result,phenomenonTime&$orderby=phenomenonTime+desc,%40iot.id+asc&$skipFilter=%28phenomenonTime+lt+2025-02-14T14%3A45%3A00Z%29""}, {'@iot.id': '8ad216b8627544149a6ac75df7c329b5', 'description': 'Discharge / USGS-11176500-8ad216b8627544149a6ac75df7c329b5', 'unitOfMeasurement': {'name': 'Cubic Feet per Second', 'symbol': 'ft^3/s', 'definition': ''}, 'Observations': [{'result': '4.02', 'phenomenonTime': '2025-02-14T14:45:00Z'}], 'Observations@iot.nextLink': ""https://labs.waterdata.usgs.gov/sta/v1.1/Datastreams('8ad216b8627544149a6ac75df7c329b5')/Observations?$top=1&$skip=1&$select=result,phenomenonTime&$orderby=phenomenonTime+desc,%40iot.id+asc&$skipFilter=%28phenomenonTime+lt+2025-02-14T14%3A45%3A00Z%29""}, {'@iot.id': 'b182d3784c024962ae89395f6f1f2c7c', 'description': 'Stream water level elevation above NAVD 1988, in feet / USGS-11176500-b182d3784c024962ae89395f6f1f2c7c', 'unitOfMeasurement': {'name': 'Feet', 'symbol': 'ft', 'definition': ''}, 'Observations': [{'result': '15.93', 'phenomenonTime': '2025-02-14T14:45:00Z'}], 'Observations@iot.nextLink': ""https://labs.waterdata.usgs.gov/sta/v1.1/Datastreams('b182d3784c024962ae89395f6f1f2c7c')/Observations?$top=1&$skip=1&$select=result,phenomenonTime&$orderby=phenomenonTime+desc,%40iot.id+asc&$skipFilter=%28phenomenonTime+lt+2025-02-14T14%3A45%3A00Z%29""}, {'@iot.id': 'e109aa5dffb14caaa2b7fc3e382d88c6', 'description': 'Temperature, water, degrees Celsius / USGS-11176500-e109aa5dffb14caaa2b7fc3e382d88c6', 'unitOfMeasurement': {'name': 'Degrees Centigrade', 'symbol': 'degC', 'definition': ''}, 'Observations': [{'result': '11.1', 'phenomenonTime': '2025-02-14T14:45:00Z'}], 'Observations@iot.nextLink': ""https://labs.waterdata.usgs.gov/sta/v1.1/Datastreams('e109aa5dffb14caaa2b7fc3e382d88c6')/Observations?$top=1&$skip=1&$select=result,phenomenonTime&$orderby=phenomenonTime+desc,%40iot.id+asc&$skipFilter=%28phenomenonTime+lt+2025-02-14T14%3A45%3A00Z%29""}]"
USGS-11176900,Stream,"[{'@iot.id': '47e584e04435436cb39d7f5e3713df01', 'description': 'Specific conductance, water, unfiltered, microsiemens per centimeter at 25 degrees Celsius / USGS-11176900-47e584e04435436cb39d7f5e3713df01', 'unitOfMeasurement': {'name': 'uS/cm', 'symbol': 'uS/cm', 'definition': ''}, 'Observations': [{'result': '396', 'phenomenonTime': '2025-02-14T15:30:00Z'}], 'Observations@iot.nextLink': ""https://labs.waterdata.usgs.gov/sta/v1.1/Datastreams('47e584e04435436cb39d7f5e3713df01')/Observations?$top=1&$skip=1&$select=result,phenomenonTime&$orderby=phenomenonTime+desc,%40iot.id+asc&$skipFilter=%28phenomenonTime+lt+2025-02-14T15%3A30%3A00Z%29""}, {'@iot.id': '7c1f5529758e42c1aae620518e4c91ca', 'description': 'Gage height / USGS-11176900-7c1f5529758e42c1aae620518e4c91ca', 'unitOfMeasurement': {'name': 'Feet', 'symbol': 'ft', 'definition': ''}, 'Observations': [{'result': '4.64', 'phenomenonTime': '2025-02-14T15:30:00Z'}], 'Observations@iot.nextLink': ""https://labs.waterdata.usgs.gov/sta/v1.1/Datastreams('7c1f5529758e42c1aae620518e4c91ca')/Observations?$top=1&$skip=1&$select=result,phenomenonTime&$orderby=phenomenonTime+desc,%40iot.id+asc&$skipFilter=%28phenomenonTime+lt+2025-02-14T15%3A30%3A00Z%29""}, {'@iot.id': '9b4952cab88f4ed5a784f7a5ffcf21bb', 'description': 'Temperature, water / USGS-11176900-9b4952cab88f4ed5a784f7a5ffcf21bb', 'unitOfMeasurement': {'name': 'Degrees Centigrade', 'symbol': 'degC', 'definition': ''}, 'Observations': [{'result': '11.2', 'phenomenonTime': '2025-02-14T15:30:00Z'}], 'Observations@iot.nextLink': ""https://labs.waterdata.usgs.gov/sta/v1.1/Datastreams('9b4952cab88f4ed5a784f7a5ffcf21bb')/Observations?$top=1&$skip=1&$select=result,phenomenonTime&$orderby=phenomenonTime+desc,%40iot.id+asc&$skipFilter=%28phenomenonTime+lt+2025-02-14T15%3A30%3A00Z%29""}, {'@iot.id': 'aff59eaea74543569bce7c555932a602', 'description': 'Stream water level elevation above NAVD 1988, in feet / USGS-11176900-aff59eaea74543569bce7c555932a602', 'unitOfMeasurement': {'name': 'Feet', 'symbol': 'ft', 'definition': ''}, 'Observations': [{'result': '264.75', 'phenomenonTime': '2025-02-14T15:30:00Z'}], 'Observations@iot.nextLink': ""https://labs.waterdata.usgs.gov/sta/v1.1/Datastreams('aff59eaea74543569bce7c555932a602')/Observations?$top=1&$skip=1&$select=result,phenomenonTime&$orderby=phenomenonTime+desc,%40iot.id+asc&$skipFilter=%28phenomenonTime+lt+2025-02-14T15%3A30%3A00Z%29""}, {'@iot.id': 'bd846890115d4e02a2d53655eba8afa7', 'description': 'Discharge / USGS-11176900-bd846890115d4e02a2d53655eba8afa7', 'unitOfMeasurement': {'name': 'Cubic Feet per Second', 'symbol': 'ft^3/s', 'definition': ''}, 'Observations': [{'result': '834', 'phenomenonTime': '2025-02-14T15:30:00Z'}], 'Observations@iot.nextLink': ""https://labs.waterdata.usgs.gov/sta/v1.1/Datastreams('bd846890115d4e02a2d53655eba8afa7')/Observations?$top=1&$skip=1&$select=result,phenomenonTime&$orderby=phenomenonTime+desc,%40iot.id+asc&$skipFilter=%28phenomenonTime+lt+2025-02-14T15%3A30%3A00Z%29""}, {'@iot.id': 'ec8b919c76d6412b915d32eeb93d1d47', 'description': 'pH / USGS-11176900-ec8b919c76d6412b915d32eeb93d1d47', 'unitOfMeasurement': {'name': 'ph Units', 'symbol': 'pH Units', 'definition': ''}, 'Observations': [{'result': '7.9', 'phenomenonTime': '2025-02-14T15:30:00Z'}], 'Observations@iot.nextLink': ""https://labs.waterdata.usgs.gov/sta/v1.1/Datastreams('ec8b919c76d6412b915d32eeb93d1d47')/Observations?$top=1&$skip=1&$select=result,phenomenonTime&$orderby=phenomenonTime+desc,%40iot.id+asc&$skipFilter=%28phenomenonTime+lt+2025-02-14T15%3A30%3A00Z%29""}]"
USGS-11179000,Stream,"[{'@iot.id': '1dfc747d29d247b89e1bf63827dbc6bd', 'description': 'Discharge / USGS-11179000-1dfc747d29d247b89e1bf63827dbc6bd', 'unitOfMeasurement': {'name': 'Cubic Feet per Second', 'symbol': 'ft^3/s', 'definition': ''}, 'Observations': [{'result': '2440', 'phenomenonTime': '2025-02-14T15:00:00Z'}], 'Observations@iot.nextLink': ""https://labs.waterdata.usgs.gov/sta/v1.1/Datastreams('1dfc747d29d247b89e1bf63827dbc6bd')/Observations?$top=1&$skip=1&$select=result,phenomenonTime&$orderby=phenomenonTime+desc,%40iot.id+asc&$skipFilter=%28phenomenonTime+lt+2025-02-14T15%3A00%3A00Z%29""}, {'@iot.id': 'a314eb7e042e4ee0a26b9347f4af7048', 'description': 'Gage height, feet / USGS-11179000-a314eb7e042e4ee0a26b9347f4af7048', 'unitOfMeasurement': {'name': 'Feet', 'symbol': 'ft', 'definition': ''}, 'Observations': [{'result': '6.50', 'phenomenonTime': '2025-02-14T15:00:00Z'}], 'Observations@iot.nextLink': ""https://labs.waterdata.usgs.gov/sta/v1.1/Datastreams('a314eb7e042e4ee0a26b9347f4af7048')/Observations?$top=1&$skip=1&$select=result,phenomenonTime&$orderby=phenomenonTime+desc,%40iot.id+asc&$skipFilter=%28phenomenonTime+lt+2025-02-14T15%3A00%3A00Z%29""}, {'@iot.id': 'a9e7210f3b84432990f632be7c7bd387', 'description': 'Stream water level elevation above NAVD 1988, in feet / USGS-11179000-a9e7210f3b84432990f632be7c7bd387', 'unitOfMeasurement': {'name': 'Feet', 'symbol': 'ft', 'definition': ''}, 'Observations': [{'result': '92.82', 'phenomenonTime': '2025-02-14T15:00:00Z'}], 'Observations@iot.nextLink': ""https://labs.waterdata.usgs.gov/sta/v1.1/Datastreams('a9e7210f3b84432990f632be7c7bd387')/Observations?$top=1&$skip=1&$select=result,phenomenonTime&$orderby=phenomenonTime+desc,%40iot.id+asc&$skipFilter=%28phenomenonTime+lt+2025-02-14T15%3A00%3A00Z%29""}, {'@iot.id': 'ce61bd7d673d4bbcb11948a02b8ee7bf', 'description': 'Temperature, water / USGS-11179000-ce61bd7d673d4bbcb11948a02b8ee7bf', 'unitOfMeasurement': {'name': 'Degrees Centigrade', 'symbol': 'degC', 'definition': ''}, 'Observations': [{'result': '10.9', 'phenomenonTime': '2025-02-14T15:00:00Z'}], 'Observations@iot.nextLink': ""https://labs.waterdata.usgs.gov/sta/v1.1/Datastreams('ce61bd7d673d4bbcb11948a02b8ee7bf')/Observations?$top=1&$skip=1&$select=result,phenomenonTime&$orderby=phenomenonTime+desc,%40iot.id+asc&$skipFilter=%28phenomenonTime+lt+2025-02-14T15%3A00%3A00Z%29""}]"
USGS-11179100,Stream,"[{'@iot.id': '281521cbfa6044049ac0dbd6e6fdd619', 'description': 'Gage height, feet / USGS-11179100-281521cbfa6044049ac0dbd6e6fdd619', 'unitOfMeasurement': {'name': 'Feet', 'symbol': 'ft', 'definition': ''}, 'Observations': [{'result': '10.44', 'phenomenonTime': '2025-02-14T15:15:00Z'}], 'Observations@iot.nextLink': ""https://labs.waterdata.usgs.gov/sta/v1.1/Datastreams('281521cbfa6044049ac0dbd6e6fdd619')/Observations?$top=1&$skip=1&$select=result,phenomenonTime&$orderby=phenomenonTime+desc,%40iot.id+asc&$skipFilter=%28phenomenonTime+lt+2025-02-14T15%3A15%3A00Z%29""}, {'@iot.id': '6494d47ec2fd4d328ef5d06f5628309e', 'description': 'Discharge / USGS-11179100-6494d47ec2fd4d328ef5d06f5628309e', 'unitOfMeasurement': {'name': 'Cubic Feet per Second', 'symbol': 'ft^3/s', 'definition': ''}, 'Observations': [{'result': '2310', 'phenomenonTime': '2025-02-14T15:15:00Z'}], 'Observations@iot.nextLink': ""https://labs.waterdata.usgs.gov/sta/v1.1/Datastreams('6494d47ec2fd4d328ef5d06f5628309e')/Observations?$top=1&$skip=1&$select=result,phenomenonTime&$orderby=phenomenonTime+desc,%40iot.id+asc&$skipFilter=%28phenomenonTime+lt+2025-02-14T15%3A15%3A00Z%29""}, {'@iot.id': '903d291d66704333886dae7c7b60963e', 'description': 'Stream water level elevation above NAVD 1988, in feet / USGS-11179100-903d291d66704333886dae7c7b60963e', 'unitOfMeasurement': {'name': 'Feet', 'symbol': 'ft', 'definition': ''}, 'Observations': [{'result': '34.47', 'phenomenonTime': '2025-02-14T15:15:00Z'}], 'Observations@iot.nextLink': ""https://labs.waterdata.usgs.gov/sta/v1.1/Datastreams('903d291d66704333886dae7c7b60963e')/Observations?$top=1&$skip=1&$select=result,phenomenonTime&$orderby=phenomenonTime+desc,%40iot.id+asc&$skipFilter=%28phenomenonTime+lt+2025-02-14T15%3A15%3A00Z%29""}]"
USGS-11180500,Stream,"[{'@iot.id': '5fdb0a85faef469eb3e1a0dba2cf04fa', 'description': 'Gage height, feet / USGS-11180500-5fdb0a85faef469eb3e1a0dba2cf04fa', 'unitOfMeasurement': {'name': 'Feet', 'symbol': 'ft', 'definition': ''}, 'Observations': [{'result': '2.38', 'phenomenonTime': '2025-02-14T15:15:00Z'}], 'Observations@iot.nextLink': ""https://labs.waterdata.usgs.gov/sta/v1.1/Datastreams('5fdb0a85faef469eb3e1a0dba2cf04fa')/Observations?$top=1&$skip=1&$select=result,phenomenonTime&$orderby=phenomenonTime+desc,%40iot.id+asc&$skipFilter=%28phenomenonTime+lt+2025-02-14T15%3A15%3A00Z%29""}, {'@iot.id': '779c899284d645e5990fa3911d107457', 'description': 'Stream water level elevation above NAVD 1988, in feet / USGS-11180500-779c899284d645e5990fa3911d107457', 'unitOfMeasurement': {'name': 'Feet', 'symbol': 'ft', 'definition': ''}, 'Observations': [{'result': '90.05', 'phenomenonTime': '2025-02-14T15:15:00Z'}], 'Observations@iot.nextLink': ""https://labs.waterdata.usgs.gov/sta/v1.1/Datastreams('779c899284d645e5990fa3911d107457')/Observations?$top=1&$skip=1&$select=result,phenomenonTime&$orderby=phenomenonTime+desc,%40iot.id+asc&$skipFilter=%28phenomenonTime+lt+2025-02-14T15%3A15%3A00Z%29""}, {'@iot.id': 'cb0ba57317354b29a9cb9b8adacc775b', 'description': 'Discharge, cubic feet per second / USGS-11180500-cb0ba57317354b29a9cb9b8adacc775b', 'unitOfMeasurement': {'name': 'Cubic Feet per Second', 'symbol': 'ft^3/s', 'definition': ''}, 'Observations': [{'result': '50.6', 'phenomenonTime': '2025-02-14T15:15:00Z'}], 'Observations@iot.nextLink': ""https://labs.waterdata.usgs.gov/sta/v1.1/Datastreams('cb0ba57317354b29a9cb9b8adacc775b')/Observations?$top=1&$skip=1&$select=result,phenomenonTime&$orderby=phenomenonTime+desc,%40iot.id+asc&$skipFilter=%28phenomenonTime+lt+2025-02-14T15%3A15%3A00Z%29""}]"
USGS-11180700,Stream,"[{'@iot.id': '2dd4ddde244c4b08859195456e11a6da', 'description': 'Gage height / USGS-11180700-2dd4ddde244c4b08859195456e11a6da', 'unitOfMeasurement': {'name': 'Feet', 'symbol': 'ft', 'definition': ''}, 'Observations': [{'result': '12.92', 'phenomenonTime': '2025-02-14T15:00:00Z'}], 'Observations@iot.nextLink': ""https://labs.waterdata.usgs.gov/sta/v1.1/Datastreams('2dd4ddde244c4b08859195456e11a6da')/Observations?$top=1&$skip=1&$select=result,phenomenonTime&$orderby=phenomenonTime+desc,%40iot.id+asc&$skipFilter=%28phenomenonTime+lt+2025-02-14T15%3A00%3A00Z%29""}, {'@iot.id': '72b4bf9152d34a26988d0f3c21e215f2', 'description': 'Discharge / USGS-11180700-72b4bf9152d34a26988d0f3c21e215f2', 'unitOfMeasurement': {'name': 'Cubic Feet per Second', 'symbol': 'ft^3/s', 'definition': ''}, 'Observations': [{'result': '2520', 'phenomenonTime': '2025-02-14T15:00:00Z'}], 'Observations@iot.nextLink': ""https://labs.waterdata.usgs.gov/sta/v1.1/Datastreams('72b4bf9152d34a26988d0f3c21e215f2')/Observations?$top=1&$skip=1&$select=result,phenomenonTime&$orderby=phenomenonTime+desc,%40iot.id+asc&$skipFilter=%28phenomenonTime+lt+2025-02-14T15%3A00%3A00Z%29""}, {'@iot.id': 'aa2c714224d249f09b46e9bf5d7352ba', 'description': 'Stream water level elevation above NAVD 1988, in feet / USGS-11180700-aa2c714224d249f09b46e9bf5d7352ba', 'unitOfMeasurement': {'name': 'Feet', 'symbol': 'ft', 'definition': ''}, 'Observations': [{'result': '19.43', 'phenomenonTime': '2025-02-14T15:00:00Z'}], 'Observations@iot.nextLink': ""https://labs.waterdata.usgs.gov/sta/v1.1/Datastreams('aa2c714224d249f09b46e9bf5d7352ba')/Observations?$top=1&$skip=1&$select=result,phenomenonTime&$orderby=phenomenonTime+desc,%40iot.id+asc&$skipFilter=%28phenomenonTime+lt+2025-02-14T15%3A00%3A00Z%29""}]"
USGS-11180770,Stream,[]
USGS-11180825,Stream,"[{'@iot.id': '328c78686def48ceb5d34f66abccf12c', 'description': 'Discharge, cubic feet per second / USGS-11180825-328c78686def48ceb5d34f66abccf12c', 'unitOfMeasurement': {'name': 'Cubic Feet per Second', 'symbol': 'ft^3/s', 'definition': ''}, 'Observations': [{'result': '95.3', 'phenomenonTime': '2025-02-14T15:20:00Z'}], 'Observations@iot.nextLink': ""https://labs.waterdata.usgs.gov/sta/v1.1/Datastreams('328c78686def48ceb5d34f66abccf12c')/Observations?$top=1&$skip=1&$select=result,phenomenonTime&$orderby=phenomenonTime+desc,%40iot.id+asc&$skipFilter=%28phenomenonTime+lt+2025-02-14T15%3A20%3A00Z%29""}, {'@iot.id': '7528e9cca4b2411ab95bd565a85dce67', 'description': 'Stream water level elevation above NAVD 1988, in feet / USGS-11180825-7528e9cca4b2411ab95bd565a85dce67', 'unitOfMeasurement': {'name': 'Feet', 'symbol': 'ft', 'definition': ''}, 'Observations': [{'result': '245.18', 'phenomenonTime': '2025-02-14T15:20:00Z'}], 'Observations@iot.nextLink': ""https://labs.waterdata.usgs.gov/sta/v1.1/Datastreams('7528e9cca4b2411ab95bd565a85dce67')/Observations?$top=1&$skip=1&$select=result,phenomenonTime&$orderby=phenomenonTime+desc,%40iot.id+asc&$skipFilter=%28phenomenonTime+lt+2025-02-14T15%3A20%3A00Z%29""}, {'@iot.id': 'e53fc89b70e747b9973d4cd452aeb92a', 'description': 'Gage height, feet / USGS-11180825-e53fc89b70e747b9973d4cd452aeb92a', 'unitOfMeasurement': {'name': 'Feet', 'symbol': 'ft', 'definition': ''}, 'Observations': [{'result': '9.29', 'phenomenonTime': '2025-02-14T15:20:00Z'}], 'Observations@iot.nextLink': ""https://labs.waterdata.usgs.gov/sta/v1.1/Datastreams('e53fc89b70e747b9973d4cd452aeb92a')/Observations?$top=1&$skip=1&$select=result,phenomenonTime&$orderby=phenomenonTime+desc,%40iot.id+asc&$skipFilter=%28phenomenonTime+lt+2025-02-14T15%3A20%3A00Z%29""}]"
USGS-11180900,Stream,"[{'@iot.id': '607bc6ee2832444a981af30fc0058a6d', 'description': 'Discharge / USGS-11180900-607bc6ee2832444a981af30fc0058a6d', 'unitOfMeasurement': {'name': 'Cubic Feet per Second', 'symbol': 'ft^3/s', 'definition': ''}, 'Observations': [{'result': '64.5', 'phenomenonTime': '2025-02-14T15:45:00Z'}], 'Observations@iot.nextLink': ""https://labs.waterdata.usgs.gov/sta/v1.1/Datastreams('607bc6ee2832444a981af30fc0058a6d')/Observations?$top=1&$skip=1&$select=result,phenomenonTime&$orderby=phenomenonTime+desc,%40iot.id+asc&$skipFilter=%28phenomenonTime+lt+2025-02-14T15%3A45%3A00Z%29""}, {'@iot.id': '6f0c3090818a417f961e086dddcd28f0', 'description': 'Gage height / USGS-11180900-6f0c3090818a417f961e086dddcd28f0', 'unitOfMeasurement': {'name': 'Feet', 'symbol': 'ft', 'definition': ''}, 'Observations': [{'result': '4.40', 'phenomenonTime': '2025-02-14T15:45:00Z'}], 'Observations@iot.nextLink': ""https://labs.waterdata.usgs.gov/sta/v1.1/Datastreams('6f0c3090818a417f961e086dddcd28f0')/Observations?$top=1&$skip=1&$select=result,phenomenonTime&$orderby=phenomenonTime+desc,%40iot.id+asc&$skipFilter=%28phenomenonTime+lt+2025-02-14T15%3A45%3A00Z%29""}, {'@iot.id': 'b7a1716dcff346c58aa7d989e5a60cc5', 'description': 'Stream water level elevation above NAVD 1988, in feet / USGS-11180900-b7a1716dcff346c58aa7d989e5a60cc5', 'unitOfMeasurement': {'name': 'Feet', 'symbol': 'ft', 'definition': ''}, 'Observations': [{'result': '260.42', 'phenomenonTime': '2025-02-14T15:45:00Z'}], 'Observations@iot.nextLink': ""https://labs.waterdata.usgs.gov/sta/v1.1/Datastreams('b7a1716dcff346c58aa7d989e5a60cc5')/Observations?$top=1&$skip=1&$select=result,phenomenonTime&$orderby=phenomenonTime+desc,%40iot.id+asc&$skipFilter=%28phenomenonTime+lt+2025-02-14T15%3A45%3A00Z%29""}]"
USGS-11180960,Stream,"[{'@iot.id': '013c5113e92e451abe289fec9020862b', 'description': 'Discharge / USGS-11180960-013c5113e92e451abe289fec9020862b', 'unitOfMeasurement': {'name': 'Cubic Feet per Second', 'symbol': 'ft^3/s', 'definition': ''}, 'Observations': [{'result': '48.1', 'phenomenonTime': '2025-02-14T14:50:00Z'}], 'Observations@iot.nextLink': ""https://labs.waterdata.usgs.gov/sta/v1.1/Datastreams('013c5113e92e451abe289fec9020862b')/Observations?$top=1&$skip=1&$select=result,phenomenonTime&$orderby=phenomenonTime+desc,%40iot.id+asc&$skipFilter=%28phenomenonTime+lt+2025-02-14T14%3A50%3A00Z%29""}, {'@iot.id': '30c64ddcb04148aca8e04458e4c31ea4', 'description': 'Gage height / USGS-11180960-30c64ddcb04148aca8e04458e4c31ea4', 'unitOfMeasurement': {'name': 'Feet', 'symbol': 'ft', 'definition': ''}, 'Observations': [{'result': '2.29', 'phenomenonTime': '2025-02-14T15:50:00Z'}], 'Observations@iot.nextLink': ""https://labs.waterdata.usgs.gov/sta/v1.1/Datastreams('30c64ddcb04148aca8e04458e4c31ea4')/Observations?$top=1&$skip=1&$select=result,phenomenonTime&$orderby=phenomenonTime+desc,%40iot.id+asc&$skipFilter=%28phenomenonTime+lt+2025-02-14T15%3A50%3A00Z%29""}, {'@iot.id': 'f0976312ccd34fdf9c89ccfc72a519b2', 'description': 'Stream water level elevation above NAVD 1988, in feet / USGS-11180960-f0976312ccd34fdf9c89ccfc72a519b2', 'unitOfMeasurement': {'name': 'Feet', 'symbol': 'ft', 'definition': ''}, 'Observations': [{'result': '285.94', 'phenomenonTime': '2025-02-14T14:50:00Z'}], 'Observations@iot.nextLink': ""https://labs.waterdata.usgs.gov/sta/v1.1/Datastreams('f0976312ccd34fdf9c89ccfc72a519b2')/Observations?$top=1&$skip=1&$select=result,phenomenonTime&$orderby=phenomenonTime+desc,%40iot.id+asc&$skipFilter=%28phenomenonTime+lt+2025-02-14T14%3A50%3A00Z%29""}]"
USGS-11181000,Stream,"[{'@iot.id': '0111fa1965934e46aa0547520343dba7', 'description': 'Discharge / USGS-11181000-0111fa1965934e46aa0547520343dba7', 'unitOfMeasurement': {'name': 'Cubic Feet per Second', 'symbol': 'ft^3/s', 'definition': ''}, 'Observations': [{'result': '142', 'phenomenonTime': '2025-02-14T15:50:00Z'}], 'Observations@iot.nextLink': ""https://labs.waterdata.usgs.gov/sta/v1.1/Datastreams('0111fa1965934e46aa0547520343dba7')/Observations?$top=1&$skip=1&$select=result,phenomenonTime&$orderby=phenomenonTime+desc,%40iot.id+asc&$skipFilter=%28phenomenonTime+lt+2025-02-14T15%3A50%3A00Z%29""}, {'@iot.id': '062a76b945e248d8997cf4f4ffe181aa', 'description': 'Gage height, feet / USGS-11181000-062a76b945e248d8997cf4f4ffe181aa', 'unitOfMeasurement': {'name': 'Feet', 'symbol': 'ft', 'definition': ''}, 'Observations': [{'result': '5.26', 'phenomenonTime': '2025-02-14T15:35:00Z'}], 'Observations@iot.nextLink': ""https://labs.waterdata.usgs.gov/sta/v1.1/Datastreams('062a76b945e248d8997cf4f4ffe181aa')/Observations?$top=1&$skip=1&$select=result,phenomenonTime&$orderby=phenomenonTime+desc,%40iot.id+asc&$skipFilter=%28phenomenonTime+lt+2025-02-14T15%3A35%3A00Z%29""}, {'@iot.id': 'a4d9ea6610404d068819aff070008b9d', 'description': 'Stream water level elevation above NAVD 1988, in feet / USGS-11181000-a4d9ea6610404d068819aff070008b9d', 'unitOfMeasurement': {'name': 'Feet', 'symbol': 'ft', 'definition': ''}, 'Observations': [{'result': '141.11', 'phenomenonTime': '2025-02-14T15:35:00Z'}], 'Observations@iot.nextLink': ""https://labs.waterdata.usgs.gov/sta/v1.1/Datastreams('a4d9ea6610404d068819aff070008b9d')/Observations?$top=1&$skip=1&$select=result,phenomenonTime&$orderby=phenomenonTime+desc,%40iot.id+asc&$skipFilter=%28phenomenonTime+lt+2025-02-14T15%3A35%3A00Z%29""}]"
USGS-11181008,Stream,"[{'@iot.id': '76c9f65bf4414619833d24bf693a8ca4', 'description': 'Stream water level elevation above NAVD 1988, in feet / USGS-11181008-76c9f65bf4414619833d24bf693a8ca4', 'unitOfMeasurement': {'name': 'Feet', 'symbol': 'ft', 'definition': ''}, 'Observations': [{'result': '107.03', 'phenomenonTime': '2025-02-14T15:20:00Z'}], 'Observations@iot.nextLink': ""https://labs.waterdata.usgs.gov/sta/v1.1/Datastreams('76c9f65bf4414619833d24bf693a8ca4')/Observations?$top=1&$skip=1&$select=result,phenomenonTime&$orderby=phenomenonTime+desc,%40iot.id+asc&$skipFilter=%28phenomenonTime+lt+2025-02-14T15%3A20%3A00Z%29""}, {'@iot.id': 'b7d36ad8d714471291741c8a162f0990', 'description': 'Gage height / USGS-11181008-b7d36ad8d714471291741c8a162f0990', 'unitOfMeasurement': {'name': 'Feet', 'symbol': 'ft', 'definition': ''}, 'Observations': [{'result': '1.88', 'phenomenonTime': '2025-02-14T15:20:00Z'}], 'Observations@iot.nextLink': ""https://labs.waterdata.usgs.gov/sta/v1.1/Datastreams('b7d36ad8d714471291741c8a162f0990')/Observations?$top=1&$skip=1&$select=result,phenomenonTime&$orderby=phenomenonTime+desc,%40iot.id+asc&$skipFilter=%28phenomenonTime+lt+2025-02-14T15%3A20%3A00Z%29""}, {'@iot.id': 'f4077dda5ee44a54b78ceda1adbfc767', 'description': 'Discharge / USGS-11181008-f4077dda5ee44a54b78ceda1adbfc767', 'unitOfMeasurement': {'name': 'Cubic Feet per Second', 'symbol': 'ft^3/s', 'definition': ''}, 'Observations': [{'result': '14.3', 'phenomenonTime': '2025-02-14T15:20:00Z'}], 'Observations@iot.nextLink': ""https://labs.waterdata.usgs.gov/sta/v1.1/Datastreams('f4077dda5ee44a54b78ceda1adbfc767')/Observations?$top=1&$skip=1&$select=result,phenomenonTime&$orderby=phenomenonTime+desc,%40iot.id+asc&$skipFilter=%28phenomenonTime+lt+2025-02-14T15%3A20%3A00Z%29""}]"
USGS-11181040,Stream,"[{'@iot.id': '6cc2f4a6a62f4ce2bc5dd373a7386fb2', 'description': 'Stream water level elevation above NAVD 1988, in feet / USGS-11181040-6cc2f4a6a62f4ce2bc5dd373a7386fb2', 'unitOfMeasurement': {'name': 'Feet', 'symbol': 'ft', 'definition': ''}, 'Observations': [{'result': '12.59', 'phenomenonTime': '2025-02-14T15:30:00Z'}], 'Observations@iot.nextLink': ""https://labs.waterdata.usgs.gov/sta/v1.1/Datastreams('6cc2f4a6a62f4ce2bc5dd373a7386fb2')/Observations?$top=1&$skip=1&$select=result,phenomenonTime&$orderby=phenomenonTime+desc,%40iot.id+asc&$skipFilter=%28phenomenonTime+lt+2025-02-14T15%3A30%3A00Z%29""}, {'@iot.id': '7224c0feed1d40a1800986875ea1207b', 'description': 'Gage height / USGS-11181040-7224c0feed1d40a1800986875ea1207b', 'unitOfMeasurement': {'name': 'Feet', 'symbol': 'ft', 'definition': ''}, 'Observations': [{'result': '4.14', 'phenomenonTime': '2025-02-14T15:30:00Z'}], 'Observations@iot.nextLink': ""https://labs.waterdata.usgs.gov/sta/v1.1/Datastreams('7224c0feed1d40a1800986875ea1207b')/Observations?$top=1&$skip=1&$select=result,phenomenonTime&$orderby=phenomenonTime+desc,%40iot.id+asc&$skipFilter=%28phenomenonTime+lt+2025-02-14T15%3A30%3A00Z%29""}, {'@iot.id': 'c764f91c6acd435ea1dc3ae0a4e46edf', 'description': 'Discharge / USGS-11181040-c764f91c6acd435ea1dc3ae0a4e46edf', 'unitOfMeasurement': {'name': 'Cubic Feet per Second', 'symbol': 'ft^3/s', 'definition': ''}, 'Observations': [{'result': '151', 'phenomenonTime': '2025-02-14T15:30:00Z'}], 'Observations@iot.nextLink': ""https://labs.waterdata.usgs.gov/sta/v1.1/Datastreams('c764f91c6acd435ea1dc3ae0a4e46edf')/Observations?$top=1&$skip=1&$select=result,phenomenonTime&$orderby=phenomenonTime+desc,%40iot.id+asc&$skipFilter=%28phenomenonTime+lt+2025-02-14T15%3A30%3A00Z%29""}]"
USGS-373025122065901,Estuary,"[{'@iot.id': 'ad5ba5d3998142ffabfbc40d6956ee96', 'description': 'Gage height / USGS-373025122065901-ad5ba5d3998142ffabfbc40d6956ee96', 'unitOfMeasurement': {'name': 'Feet', 'symbol': 'ft', 'definition': ''}, 'Observations': [{'result': '1.44', 'phenomenonTime': '2025-02-14T15:00:00Z'}], 'Observations@iot.nextLink': ""https://labs.waterdata.usgs.gov/sta/v1.1/Datastreams('ad5ba5d3998142ffabfbc40d6956ee96')/Observations?$top=1&$skip=1&$select=result,phenomenonTime&$orderby=phenomenonTime+desc,%40iot.id+asc&$skipFilter=%28phenomenonTime+lt+2025-02-14T15%3A00%3A00Z%29""}]"
USGS-373434121482801,Stream,[]
USGS-373507121472101,Stream,"[{'@iot.id': '76530b02dc204c08a207909f86890cc6', 'description': 'Discharge / USGS-373507121472101-76530b02dc204c08a207909f86890cc6', 'unitOfMeasurement': {'name': 'Cubic Feet per Second', 'symbol': 'ft^3/s', 'definition': ''}, 'Observations': [{'result': '221', 'phenomenonTime': '2025-02-14T15:15:00Z'}], 'Observations@iot.nextLink': ""https://labs.waterdata.usgs.gov/sta/v1.1/Datastreams('76530b02dc204c08a207909f86890cc6')/Observations?$top=1&$skip=1&$select=result,phenomenonTime&$orderby=phenomenonTime+desc,%40iot.id+asc&$skipFilter=%28phenomenonTime+lt+2025-02-14T15%3A15%3A00Z%29""}, {'@iot.id': '9b5b9b964aeb467b8ef3cb68e9f375e9', 'description': 'Stream water level elevation above NAVD 1988, in feet / USGS-373507121472101-9b5b9b964aeb467b8ef3cb68e9f375e9', 'unitOfMeasurement': {'name': 'Feet', 'symbol': 'ft', 'definition': ''}, 'Observations': [{'result': '513.65', 'phenomenonTime': '2025-02-14T15:15:00Z'}], 'Observations@iot.nextLink': ""https://labs.waterdata.usgs.gov/sta/v1.1/Datastreams('9b5b9b964aeb467b8ef3cb68e9f375e9')/Observations?$top=1&$skip=1&$select=result,phenomenonTime&$orderby=phenomenonTime+desc,%40iot.id+asc&$skipFilter=%28phenomenonTime+lt+2025-02-14T15%3A15%3A00Z%29""}, {'@iot.id': 'b89d1a0564474a018214a33bf9ec1501', 'description': 'Gage height, feet / USGS-373507121472101-b89d1a0564474a018214a33bf9ec1501', 'unitOfMeasurement': {'name': 'Feet', 'symbol': 'ft', 'definition': ''}, 'Observations': [{'result': '2.28', 'phenomenonTime': '2025-02-14T15:15:00Z'}], 'Observations@iot.nextLink': ""https://labs.waterdata.usgs.gov/sta/v1.1/Datastreams('b89d1a0564474a018214a33bf9ec1501')/Observations?$top=1&$skip=1&$select=result,phenomenonTime&$orderby=phenomenonTime+desc,%40iot.id+asc&$skipFilter=%28phenomenonTime+lt+2025-02-14T15%3A15%3A00Z%29""}]"
USGS-374004122092001,Extensometer well,"[{'@iot.id': 'aa17848f4a3c4e8d973679575083d0ed', 'description': 'Compaction, aquifer system, feet / USGS-374004122092001-aa17848f4a3c4e8d973679575083d0ed', 'unitOfMeasurement': {'name': 'Feet', 'symbol': 'ft', 'definition': ''}, 'Observations': [{'result': '-0.00156', 'phenomenonTime': '2025-02-11T18:00:00Z'}], 'Observations@iot.nextLink': ""https://labs.waterdata.usgs.gov/sta/v1.1/Datastreams('aa17848f4a3c4e8d973679575083d0ed')/Observations?$top=1&$skip=1&$select=result,phenomenonTime&$orderby=phenomenonTime+desc,%40iot.id+asc&$skipFilter=%28phenomenonTime+lt+2025-02-11T18%3A00%3A00Z%29""}]"
USGS-374004122092102,Well,"[{'@iot.id': '620a7dd01e694fa29d70fc572984e349', 'description': 'Depth to water level, feet below land surface / USGS-374004122092102-620a7dd01e694fa29d70fc572984e349', 'unitOfMeasurement': {'name': 'Feet', 'symbol': 'ft', 'definition': ''}, 'Observations': [{'result': '16.28', 'phenomenonTime': '2025-02-11T18:00:00Z'}], 'Observations@iot.nextLink': ""https://labs.waterdata.usgs.gov/sta/v1.1/Datastreams('620a7dd01e694fa29d70fc572984e349')/Observations?$top=1&$skip=1&$select=result,phenomenonTime&$orderby=phenomenonTime+desc,%40iot.id+asc&$skipFilter=%28phenomenonTime+lt+2025-02-11T18%3A00%3A00Z%29""}, {'@iot.id': 'f3c26b820c0a4373b98029af4b861e32', 'description': 'Groundwater level above NAVD 1988, feet / USGS-374004122092102-f3c26b820c0a4373b98029af4b861e32', 'unitOfMeasurement': {'name': 'Feet', 'symbol': 'ft', 'definition': ''}, 'Observations': [{'result': '-7.11', 'phenomenonTime': '2025-02-11T18:00:00Z'}], 'Observations@iot.nextLink': ""https://labs.waterdata.usgs.gov/sta/v1.1/Datastreams('f3c26b820c0a4373b98029af4b861e32')/Observations?$top=1&$skip=1&$select=result,phenomenonTime&$orderby=phenomenonTime+desc,%40iot.id+asc&$skipFilter=%28phenomenonTime+lt+2025-02-11T18%3A00%3A00Z%29""}]"
USGS-374004122092103,Well,"[{'@iot.id': 'b8b8220a995e4ee9ad625d7c0c1d0157', 'description': 'Depth to water level, feet below land surface / USGS-374004122092103-b8b8220a995e4ee9ad625d7c0c1d0157', 'unitOfMeasurement': {'name': 'Feet', 'symbol': 'ft', 'definition': ''}, 'Observations': [{'result': '8.23', 'phenomenonTime': '2025-02-11T18:00:00Z'}], 'Observations@iot.nextLink': ""https://labs.waterdata.usgs.gov/sta/v1.1/Datastreams('b8b8220a995e4ee9ad625d7c0c1d0157')/Observations?$top=1&$skip=1&$select=result,phenomenonTime&$orderby=phenomenonTime+desc,%40iot.id+asc&$skipFilter=%28phenomenonTime+lt+2025-02-11T18%3A00%3A00Z%29""}, {'@iot.id': 'e9af35cb871b4cccbdfa2188b7ca7714', 'description': 'Groundwater level above NAVD 1988, feet / USGS-374004122092103-e9af35cb871b4cccbdfa2188b7ca7714', 'unitOfMeasurement': {'name': 'Feet', 'symbol': 'ft', 'definition': ''}, 'Observations': [{'result': '0.94', 'phenomenonTime': '2025-02-11T18:00:00Z'}], 'Observations@iot.nextLink': ""https://labs.waterdata.usgs.gov/sta/v1.1/Datastreams('e9af35cb871b4cccbdfa2188b7ca7714')/Observations?$top=1&$skip=1&$select=result,phenomenonTime&$orderby=phenomenonTime+desc,%40iot.id+asc&$skipFilter=%28phenomenonTime+lt+2025-02-11T18%3A00%3A00Z%29""}]"
USGS-374004122092104,Well,"[{'@iot.id': '2208d94f302d4e3db13f71268c70a807', 'description': 'Groundwater level above NAVD 1988, feet / USGS-374004122092104-2208d94f302d4e3db13f71268c70a807', 'unitOfMeasurement': {'name': 'Feet', 'symbol': 'ft', 'definition': ''}, 'Observations': [{'result': '4.03', 'phenomenonTime': '2025-02-11T18:00:00Z'}], 'Observations@iot.nextLink': ""https://labs.waterdata.usgs.gov/sta/v1.1/Datastreams('2208d94f302d4e3db13f71268c70a807')/Observations?$top=1&$skip=1&$select=result,phenomenonTime&$orderby=phenomenonTime+desc,%40iot.id+asc&$skipFilter=%28phenomenonTime+lt+2025-02-11T18%3A00%3A00Z%29""}, {'@iot.id': 'e40562fd57994ad680dcbffbcf3b679f', 'description': 'Depth to water level, feet below land surface / USGS-374004122092104-e40562fd57994ad680dcbffbcf3b679f', 'unitOfMeasurement': {'name': 'Feet', 'symbol': 'ft', 'definition': ''}, 'Observations': [{'result': '5.14', 'phenomenonTime': '2025-02-11T18:00:00Z'}], 'Observations@iot.nextLink': ""https://labs.waterdata.usgs.gov/sta/v1.1/Datastreams('e40562fd57994ad680dcbffbcf3b679f')/Observations?$top=1&$skip=1&$select=result,phenomenonTime&$orderby=phenomenonTime+desc,%40iot.id+asc&$skipFilter=%28phenomenonTime+lt+2025-02-11T18%3A00%3A00Z%29""}]"
USGS-374004122092105,Well,"[{'@iot.id': '33b72b5b812a4d5a9eedd45f7788a0be', 'description': 'Groundwater level above NAVD 1988, feet / USGS-374004122092105-33b72b5b812a4d5a9eedd45f7788a0be', 'unitOfMeasurement': {'name': 'Feet', 'symbol': 'ft', 'definition': ''}, 'Observations': [{'result': '12.01', 'phenomenonTime': '2025-02-11T18:00:00Z'}], 'Observations@iot.nextLink': ""https://labs.waterdata.usgs.gov/sta/v1.1/Datastreams('33b72b5b812a4d5a9eedd45f7788a0be')/Observations?$top=1&$skip=1&$select=result,phenomenonTime&$orderby=phenomenonTime+desc,%40iot.id+asc&$skipFilter=%28phenomenonTime+lt+2025-02-11T18%3A00%3A00Z%29""}, {'@iot.id': '8cd88002672d4275b4ccfd27d0b7bc0e', 'description': 'Depth to water level, feet below land surface / USGS-374004122092105-8cd88002672d4275b4ccfd27d0b7bc0e', 'unitOfMeasurement': {'name': 'Feet', 'symbol': 'ft', 'definition': ''}, 'Observations': [{'result': '-2.84', 'phenomenonTime': '2025-02-11T18:00:00Z'}], 'Observations@iot.nextLink': ""https://labs.waterdata.usgs.gov/sta/v1.1/Datastreams('8cd88002672d4275b4ccfd27d0b7bc0e')/Observations?$top=1&$skip=1&$select=result,phenomenonTime&$orderby=phenomenonTime+desc,%40iot.id+asc&$skipFilter=%28phenomenonTime+lt+2025-02-11T18%3A00%3A00Z%29""}]"
USGS-374004122092106,Well,"[{'@iot.id': '61b38698af264eecab00f2aee678c1b4', 'description': 'Depth to water level, feet below land surface / USGS-374004122092106-61b38698af264eecab00f2aee678c1b4', 'unitOfMeasurement': {'name': 'Feet', 'symbol': 'ft', 'definition': ''}, 'Observations': [{'result': '2.57', 'phenomenonTime': '2025-02-11T18:00:00Z'}], 'Observations@iot.nextLink': ""https://labs.waterdata.usgs.gov/sta/v1.1/Datastreams('61b38698af264eecab00f2aee678c1b4')/Observations?$top=1&$skip=1&$select=result,phenomenonTime&$orderby=phenomenonTime+desc,%40iot.id+asc&$skipFilter=%28phenomenonTime+lt+2025-02-11T18%3A00%3A00Z%29""}, {'@iot.id': '6cd17034ca984203a5681d0ace3896fc', 'description': 'Groundwater level above NAVD 1988, feet / USGS-374004122092106-6cd17034ca984203a5681d0ace3896fc', 'unitOfMeasurement': {'name': 'Feet', 'symbol': 'ft', 'definition': ''}, 'Observations': [{'result': '6.60', 'phenomenonTime': '2025-02-11T18:00:00Z'}], 'Observations@iot.nextLink': ""https://labs.waterdata.usgs.gov/sta/v1.1/Datastreams('6cd17034ca984203a5681d0ace3896fc')/Observations?$top=1&$skip=1&$select=result,phenomenonTime&$orderby=phenomenonTime+desc,%40iot.id+asc&$skipFilter=%28phenomenonTime+lt+2025-02-11T18%3A00%3A00Z%29""}]"
USGS-374005122092001,Extensometer well,"[{'@iot.id': '6aece1f1a9a744298686c4d050f84fd3', 'description': 'Compaction, aquifer system, feet / USGS-374005122092001-6aece1f1a9a744298686c4d050f84fd3', 'unitOfMeasurement': {'name': 'Feet', 'symbol': 'ft', 'definition': ''}, 'Observations': [{'result': '0.00060', 'phenomenonTime': '2025-02-11T18:00:00Z'}], 'Observations@iot.nextLink': ""https://labs.waterdata.usgs.gov/sta/v1.1/Datastreams('6aece1f1a9a744298686c4d050f84fd3')/Observations?$top=1&$skip=1&$select=result,phenomenonTime&$orderby=phenomenonTime+desc,%40iot.id+asc&$skipFilter=%28phenomenonTime+lt+2025-02-11T18%3A00%3A00Z%29""}]"
